{"cameraMode":{"drawMode":0,"name":"Shaded","section":"Shading Mode"},"sceneLighting":true,"audioPlay":false,"sceneViewState":{"showFog":true,"showMaterialUpdate":false,"showSkybox":false,"showFlares":true,"showImageEffects":true,"showParticleSystems":true},"in2DMode":false,"pivot":{"x":3.8528456687927248,"y":-15.140231132507325,"z":-7.927639961242676},"rotation":{"x":0.24435846507549287,"y":-0.017453251406550409,"z":0.004398819990456104,"w":0.9695201516151428},"size":48.01090621948242,"orthographic":false}