{"cameraMode":{"drawMode":0,"name":"Shaded","section":"Shading Mode"},"sceneLighting":false,"audioPlay":false,"sceneViewState":{"showFog":true,"showMaterialUpdate":false,"showSkybox":false,"showFlares":true,"showImageEffects":true,"showParticleSystems":true},"in2DMode":false,"pivot":{"x":0.0,"y":12.51272964477539,"z":0.9855084419250488},"rotation":{"x":-0.007493387442082167,"y":0.9864515066146851,"z":-0.1569768190383911,"w":-0.047088563442230228},"size":16.745086669921876,"orthographic":false}